use diagnosebot;

# Add data to Disease table
insert into disease (DiseaseName, Description) values ('Drug Reaction', 'An adverse drug reaction (ADR) is an injury caused by taking medication. ADRs may occur following a single dose or prolonged administration of a drug or result from the combination of two or more drugs.');
insert into disease (DiseaseName, Description) values ('Malaria', 'An infectious disease caused by protozoan parasites from the Plasmodium family that can be transmitted by the bite of the Anopheles mosquito or by a contaminated needle or transfusion. Falciparum malaria is the most deadly type.');
insert into disease (DiseaseName, Description) values ('Allergy', 'An allergy is an immune system response to a foreign substance that\'s not typically harmful to your body.They can include certain foods, pollen, or pet dander. Your immune system\'s job is to keep you healthy by fighting harmful pathogens.');
insert into disease (DiseaseName, Description) values ('Hypothyroidism', 'Hypothyroidism, also called underactive thyroid or low thyroid, is a disorder of the endocrine system in which the thyroid gland does not produce enough thyroid hormone.');
insert into disease (DiseaseName, Description) values ('Psoriasis', 'Psoriasis is a common skin disorder that forms thick, red, bumpy patches covered with silvery scales. They can pop up anywhere, but most appear on the scalp, elbows, knees, and lower back. Psoriasis can\'t be passed from person to person. It does sometimes happen in members of the same family.');
insert into disease (DiseaseName, Description) values ('GERD', 'Gastroesophageal reflux disease, or GERD, is a digestive disorder that affects the lower esophageal sphincter (LES), the ring of muscle between the esophagus and stomach. Many people, including pregnant women, suffer from heartburn or acid indigestion caused by GERD.');
insert into disease (DiseaseName, Description) values ('Chronic Cholestasis', 'Chronic cholestatic diseases, whether occurring in infancy, childhood or adulthood, are characterized by defective bile acid transport from the liver to the intestine, which is caused by primary damage to the biliary epithelium in most cases.');
insert into disease (DiseaseName, Description) values ('Hepatitis A', 'Hepatitis A is a highly contagious liver infection caused by the hepatitis A virus. The virus is one of several types of hepatitis viruses that cause inflammation and affect your liver\'s ability to function.');
insert into disease (DiseaseName, Description) values ('Osteoarthristis', 'Osteoarthritis is the most common form of arthritis, affecting millions of people worldwide. It occurs when the protective cartilage that cushions the ends of your bones wears down over time.');
insert into disease (DiseaseName, Description) values ('Vertigo - Paroymsal  Positional Vertigo', 'Benign paroxysmal positional vertigo (BPPV) is one of the most common causes of vertigo  E  E the sudden sensation that you\'re spinning or that the inside of your head is spinning. Benign paroxysmal positional vertigo causes brief episodes of mild to intense dizziness.');
insert into disease (DiseaseName, Description) values ('Hypoglycemia', ' Hypoglycemia is a condition in which your blood sugar (glucose) level is lower than normal. Glucose is your body\'s main energy source. Hypoglycemia is often related to diabetes treatment. But other drugs and a variety of conditions, many rare, can cause low blood sugar in people who don\'t have diabetes.');
insert into disease (DiseaseName, Description) values ('Acne', 'Acne vulgaris is the formation of comedones, papules, pustules, nodules, and/or cysts as a result of obstruction and inflammation of pilosebaceous units (hair follicles and their accompanying sebaceous gland). Acne develops on the face and upper trunk. It most often affects adolescents.');
insert into disease (DiseaseName, Description) values ('Diabetes', 'Diabetes is a disease that occurs when your blood glucose, also called blood sugar, is too high. Blood glucose is your main source of energy and comes from the food you eat. Insulin, a hormone made by the pancreas, helps glucose from food get into your cells to be used for energy.');
insert into disease (DiseaseName, Description) values ('Impetigo', 'Impetigo (im-puh-TIE-go) is a common and highly contagious skin infection that mainly affects infants and children. Impetigo usually appears as red sores on the face, especially around a child\'s nose and mouth, and on hands and feet. The sores burst and develop honey-colored crusts.');
insert into disease (DiseaseName, Description) values ('Hypertension', 'Hypertension (HTN or HT), also known as high blood pressure (HBP), is a long-term medical condition in which the blood pressure in the arteries is persistently elevated. High blood pressure typically does not cause symptoms.');
insert into disease (DiseaseName, Description) values ('Peptic Ulcer Diseae', 'Peptic ulcer disease (PUD) is a break in the inner lining of the stomach, the first part of the small intestine, or sometimes the lower esophagus. An ulcer in the stomach is called a gastric ulcer, while one in the first part of the intestines is a duodenal ulcer.');
insert into disease (DiseaseName, Description) values ('Dimorphic Hemorrhoids - Piles', 'Hemorrhoids, also spelled haemorrhoids, are vascular structures in the anal canal. In their ... Other names, Haemorrhoids, piles, hemorrhoidal disease.');
insert into disease (DiseaseName, Description) values ('Common Cold', 'The common cold is a viral infection of your nose and throat (upper respiratory tract). It\'s usually harmless, although it might not feel that way. Many types of viruses can cause a common cold.');
insert into disease (DiseaseName, Description) values ('Chicken Pox', 'Chickenpox is a highly contagious disease caused by the varicella-zoster virus (VZV). It can cause an itchy, blister-like rash. The rash first appears on the chest, back, and face, and then spreads over the entire body, causing between 250 and 500 itchy blisters.');
insert into disease (DiseaseName, Description) values ('Cervical Spondylosis', 'Cervical spondylosis is a general term for age-related wear and tear affecting the spinal disks in your neck. As the disks dehydrate and shrink, signs of osteoarthritis develop, including bony projections along the edges of bones (bone spurs).');
insert into disease (DiseaseName, Description) values ('Hyperthyroidism', 'Hyperthyroidism (overactive thyroid) occurs when your thyroid gland produces too much of the hormone thyroxine. Hyperthyroidism can accelerate your body\'s metabolism, causing unintentional weight loss and a rapid or irregular heartbeat.');
insert into disease (DiseaseName, Description) values ('Urinary Tract Infection', 'Urinary tract infection: An infection of the kidney, ureter, bladder, or urethra. Abbreviated UTI. Not everyone with a UTI has symptoms, but common symptoms include a frequent urge to urinate and pain or burning when urinating.');
insert into disease (DiseaseName, Description) values ('Varicose Veins', 'A vein that has enlarged and twisted, often appearing as a bulging, blue blood vessel that is clearly visible through the skin. Varicose veins are most common in older adults, particularly women, and occur especially on the legs.');
insert into disease (DiseaseName, Description) values ('AIDS', 'Acquired immunodeficiency syndrome (AIDS) is a chronic, potentially life-threatening condition caused by the human immunodeficiency virus (HIV). By damaging your immune system, HIV interferes with your body\'s ability to fight infection and disease.');
insert into disease (DiseaseName, Description) values ('Paralysis - Brain Hemorrhage', 'Intracerebral hemorrhage (ICH) is when blood suddenly bursts into brain tissue, causing damage to your brain. Symptoms usually appear suddenly during ICH. They include headache, weakness, confusion, and paralysis, particularly on one side of your body.');
insert into disease (DiseaseName, Description) values ('Typhoid', 'An acute illness characterized by fever caused by infection with the bacterium Salmonella typhi. Typhoid fever has an insidious onset, with fever, headache, constipation, malaise, chills, and muscle pain. Diarrhea is uncommon, and vomiting is not usually severe.');
insert into disease (DiseaseName, Description) values ('Hepatitis B', 'Hepatitis B is an infection of your liver. It can cause scarring of the organ, liver failure, and cancer. It can be fatal if it isn\'t treated. It\'s spread when people come in contact with the blood, open sores, or body fluids of someone who has the hepatitis B virus.');
insert into disease (DiseaseName, Description) values ('Fungal Infection', 'In humans, fungal infections occur when an invading fungus takes over an area of the body and is too much for the immune system to handle. Fungi can live in the air, soil, water, and plants. There are also some fungi that live naturally in the human body. Like many microbes, there are helpful fungi and harmful fungi.');
insert into disease (DiseaseName, Description) values ('Hepatitis C', 'Inflammation of the liver due to the hepatitis C virus (HCV), which is usually spread via blood transfusion (rare), hemodialysis, and needle sticks. The damage hepatitis C does to the liver can lead to cirrhosis and its complications as well as cancer.');
insert into disease (DiseaseName, Description) values ('Migraine', 'A migraine can cause severe throbbing pain or a pulsing sensation, usually on one side of the head. It\'s often accompanied by nausea, vomiting, and extreme sensitivity to light and sound. Migraine attacks can last for hours to days, and the pain can be so severe that it interferes with your daily activities.');
insert into disease (DiseaseName, Description) values ('Bronchial Asthma', 'Bronchial asthma is a medical condition which causes the airway path of the lungs to swell and narrow. Due to this swelling, the air path produces excess mucus making it hard to breathe, which results in coughing, short breath, and wheezing. The disease is chronic and interferes with daily working.');
insert into disease (DiseaseName, Description) values ('Alcoholic Hepatitis', 'Alcoholic hepatitis is a diseased, inflammatory condition of the liver caused by heavy alcohol consumption over an extended period of time. It\'s also aggravated by binge drinking and ongoing alcohol use. If you develop this condition, you must stop drinking alcohol.');
insert into disease (DiseaseName, Description) values ('Jaundice', 'Yellow staining of the skin and sclerae (the whites of the eyes) by abnormally high blood levels of the bile pigment bilirubin. The yellowing extends to other tissues and body fluids. Jaundice was once called the "morbus regius" (the regal disease) in the belief that only the touch of a king could cure it.');
insert into disease (DiseaseName, Description) values ('Hepatitis E', 'A rare form of liver inflammation caused by infection with the hepatitis E virus (HEV). It is transmitted via food or drink handled by an infected person or through infected water supplies in areas where fecal matter may get into the water. Hepatitis E does not cause chronic liver disease.');
insert into disease (DiseaseName, Description) values ('Dengue', 'An acute infectious disease caused by a flavivirus (species Dengue virus of the genus Flavivirus), transmitted by aedes mosquitoes, and characterized by headache, severe joint pain, and a rash. Also called also breakbone fever, dengue fever.');
insert into disease (DiseaseName, Description) values ('Hepatitis D', 'Hepatitis D, also known as the hepatitis delta virus, is an infection that causes the liver to become inflamed. This swelling can impair liver function and cause long-term liver problems, including liver scarring and cancer. The condition is caused by the hepatitis D virus (HDV).');
insert into disease (DiseaseName, Description) values ('Heart Attack', 'The death of heart muscle due to the loss of blood supply. The loss of blood supply is usually caused by a complete blockage of a coronary artery, one of the arteries that supplies blood to the heart muscle.');
insert into disease (DiseaseName, Description) values ('Pneumonia', 'Pneumonia is an infection in one or both lungs. Bacteria, viruses, and fungi cause it. The infection causes inflammation in the air sacs in your lungs, which are called alveoli. The alveoli fill with fluid or pus, making it difficult to breathe.');
insert into disease (DiseaseName, Description) values ('Arthritis', 'Arthritis is the swelling and tenderness of one or more of your joints. The main symptoms of arthritis are joint pain and stiffness, which typically worsen with age. The most common types of arthritis are osteoarthritis and rheumatoid arthritis.');
insert into disease (DiseaseName, Description) values ('Gastroenteritis', 'Gastroenteritis is an inflammation of the digestive tract, particularly the stomach, and large and small intestines. Viral and bacterial gastroenteritis are intestinal infections associated with symptoms of diarrhea , abdominal cramps, nausea , and vomiting .');
insert into disease (DiseaseName, Description) values ('Tuberculosis', 'Tuberculosis (TB) is an infectious disease usually caused by Mycobacterium tuberculosis (MTB) bacteria. Tuberculosis generally affects the lungs, but can also affect other parts of the body. Most infections show no symptoms, in which case it is known as latent tuberculosis.');

# Add data to Symptom table
insert into symptom (SymptomName, SymDesc) values ('itching', 'Scratching of the skin');
insert into symptom (SymptomName, SymDesc) values ('skin_rash', 'Redness of the skin');
insert into symptom (SymptomName, SymDesc) values ('nodal_skin_eruptions', 'nodal_skin_eruptions');
insert into symptom (SymptomName, SymDesc) values ('continuous_sneezing', 'Sneezing that is continual');
insert into symptom (SymptomName, SymDesc) values ('shivering', 'Slight feeling of cold');
insert into symptom (SymptomName, SymDesc) values ('chills', 'Continual feeling of cold');
insert into symptom (SymptomName, SymDesc) values ('joint_pain', 'Pain in the joints');
insert into symptom (SymptomName, SymDesc) values ('stomach_pain', 'Pain in the stomach area');
insert into symptom (SymptomName, SymDesc) values ('acidity', 'acidity');
insert into symptom (SymptomName, SymDesc) values ('ulcers_on_tongue', 'ulcers_on_tongue');
insert into symptom (SymptomName, SymDesc) values ('muscle_wasting', 'Loss of muscle mass');
insert into symptom (SymptomName, SymDesc) values ('vomiting', 'Throwing up of stomach contents');
insert into symptom (SymptomName, SymDesc) values ('burning_micturition', 'burning_micturition');
insert into symptom (SymptomName, SymDesc) values ('spotting_urination', 'spotting_urination');
insert into symptom (SymptomName, SymDesc) values ('fatigue', 'Feeling of tiredness or no energy');
insert into symptom (SymptomName, SymDesc) values ('weight_gain', 'Increase in body mass');
insert into symptom (SymptomName, SymDesc) values ('anxiety', 'Feeling of anxiety');
insert into symptom (SymptomName, SymDesc) values ('cold_hands_and_feet', 'Feeling of cold in extremities specifically the hands and feet');
insert into symptom (SymptomName, SymDesc) values ('mood_swings', 'Constant emotional changes');
insert into symptom (SymptomName, SymDesc) values ('weight_loss', 'Loss of body mass');
insert into symptom (SymptomName, SymDesc) values ('restlessness', 'Cannot be still or sleep');
insert into symptom (SymptomName, SymDesc) values ('lethargy', 'Feeling of tiredness');
insert into symptom (SymptomName, SymDesc) values ('patches_in_throat', 'patches_in_throat');
insert into symptom (SymptomName, SymDesc) values ('irregular_sugar_level', 'Glucose level in blood changes constantly');
insert into symptom (SymptomName, SymDesc) values ('cough', 'cough');
insert into symptom (SymptomName, SymDesc) values ('high_fever', 'Body temperature above 101F or 38C');
insert into symptom (SymptomName, SymDesc) values ('sunken_eyes', 'Sunken eyes');
insert into symptom (SymptomName, SymDesc) values ('breathlessness', 'Inability to breathe normally');
insert into symptom (SymptomName, SymDesc) values ('sweating', 'Body is constantly expelling moisture');
insert into symptom (SymptomName, SymDesc) values ('dehydration', 'Body is not at optimal level of water intake');
insert into symptom (SymptomName, SymDesc) values ('indigestion', 'Abdominal aches and pains');
insert into symptom (SymptomName, SymDesc) values ('headache', 'Pain in the head');
insert into symptom (SymptomName, SymDesc) values ('yellowish_skin', 'Skin is colored yellow');
insert into symptom (SymptomName, SymDesc) values ('dark_urine', 'Urine is a dark yellow or other color');
insert into symptom (SymptomName, SymDesc) values ('nausea', 'Uneasy feeling in the stomach');
insert into symptom (SymptomName, SymDesc) values ('loss_of_appetite', 'Loss of appetite');
insert into symptom (SymptomName, SymDesc) values ('pain_behind_the_eyes', 'Pain behind the eyes');
insert into symptom (SymptomName, SymDesc) values ('back_pain', 'Pain in the back');
insert into symptom (SymptomName, SymDesc) values ('constipation', 'constipation');
insert into symptom (SymptomName, SymDesc) values ('abdominal_pain', 'Abdominal pain');
insert into symptom (SymptomName, SymDesc) values ('diarrhoea', 'Diarrhoea');
insert into symptom (SymptomName, SymDesc) values ('mild_fever', 'Body temperature slightly elevated to 100F or 38C');
insert into symptom (SymptomName, SymDesc) values ('yellow_urine', 'Urine colored yellow');
insert into symptom (SymptomName, SymDesc) values ('yellowing_of_eyes', 'Eyes have a yellow color');
insert into symptom (SymptomName, SymDesc) values ('acute_liver_failure', 'Acute Liver failure');
insert into symptom (SymptomName, SymDesc) values ('fluid_overload', 'Body has accumulated excess liquids');
insert into symptom (SymptomName, SymDesc) values ('swelling_of_stomach', 'Swelling of the abdomional area');
insert into symptom (SymptomName, SymDesc) values ('swelled_lymph_nodes', 'Swelled lymph nodes');
insert into symptom (SymptomName, SymDesc) values ('malaise', 'Malaise');
insert into symptom (SymptomName, SymDesc) values ('blurred_and_distorted_vision', 'Unclear vision');
insert into symptom (SymptomName, SymDesc) values ('phlegm', 'Phlegm');
insert into symptom (SymptomName, SymDesc) values ('throat_irritation', 'Soreness of the throat');
insert into symptom (SymptomName, SymDesc) values ('redness_of_eyes', 'Redness of the eyes');
insert into symptom (SymptomName, SymDesc) values ('sinus_pressure', 'Pressure of the sinus area');
insert into symptom (SymptomName, SymDesc) values ('runny_nose', 'Runny nose');
insert into symptom (SymptomName, SymDesc) values ('congestion', 'Blocked or filled sinus cavity');
insert into symptom (SymptomName, SymDesc) values ('chest_pain', 'Chest pain');
insert into symptom (SymptomName, SymDesc) values ('weakness_in_limbs', 'Weakness in limbs');
insert into symptom (SymptomName, SymDesc) values ('fast_heart_rate', 'Excess heart rate');
insert into symptom (SymptomName, SymDesc) values ('pain_during_bowel_movements', 'Pain during bowel movements');
insert into symptom (SymptomName, SymDesc) values ('pain_in_anal_region', 'Pain in anal region');
insert into symptom (SymptomName, SymDesc) values ('bloody_stool', 'Bloody stool');
insert into symptom (SymptomName, SymDesc) values ('irritation_in_anus', 'Irritation in anus');
insert into symptom (SymptomName, SymDesc) values ('neck_pain', 'Neck pain');
insert into symptom (SymptomName, SymDesc) values ('dizziness', 'Dizziness');
insert into symptom (SymptomName, SymDesc) values ('cramps', 'Muscle spasms');
insert into symptom (SymptomName, SymDesc) values ('bruising', 'Bruising');
insert into symptom (SymptomName, SymDesc) values ('obesity', 'Body mass above general standards for height');
insert into symptom (SymptomName, SymDesc) values ('swollen_legs', 'Swollen legs');
insert into symptom (SymptomName, SymDesc) values ('swollen_blood_vessels', 'Swollen blood vessels');
insert into symptom (SymptomName, SymDesc) values ('puffy_face_and_eyes', 'Puffy face and eyes');
insert into symptom (SymptomName, SymDesc) values ('enlarged_thyroid', 'Enlarged thyroid');
insert into symptom (SymptomName, SymDesc) values ('brittle_nalls', 'Brittle nails');
insert into symptom (SymptomName, SymDesc) values ('swollen_extremities', 'Swollen extremities');
insert into symptom (SymptomName, SymDesc) values ('excessive_hunger', 'Excessive hunger');
insert into symptom (SymptomName, SymDesc) values ('extra_marital_contacts', 'Extra-marital contacts');
insert into symptom (SymptomName, SymDesc) values ('drying_and_tingling_lips', 'Drying and tingling lips');
insert into symptom (SymptomName, SymDesc) values ('slurred_speech', 'Slurred speech');
insert into symptom (SymptomName, SymDesc) values ('knee_pain', 'Knee pain');
insert into symptom (SymptomName, SymDesc) values ('hip_joint_pain', 'Hip joint pain');
insert into symptom (SymptomName, SymDesc) values ('muscle_weakness', 'Muscle weakness');
insert into symptom (SymptomName, SymDesc) values ('stiff_neck', 'Stiff neck');
insert into symptom (SymptomName, SymDesc) values ('swelling_joints', 'Swelling joints');
insert into symptom (SymptomName, SymDesc) values ('movement_stiffness', 'Movement stiffness');
insert into symptom (SymptomName, SymDesc) values ('spinning_movements', 'Spinning movements');
insert into symptom (SymptomName, SymDesc) values ('loss_of_balance', 'Loss of balance');
insert into symptom (SymptomName, SymDesc) values ('unsteadiness', 'Unsteadiness');
insert into symptom (SymptomName, SymDesc) values ('weakness_of_one_body_side', 'Weakness of one body side');
insert into symptom (SymptomName, SymDesc) values ('loss_of_smell', 'Loss of smell');
insert into symptom (SymptomName, SymDesc) values ('bladder_discomfort', 'Bladder discomfort');
insert into symptom (SymptomName, SymDesc) values ('foul_smell_of_uring', 'Foul smell of uring');
insert into symptom (SymptomName, SymDesc) values ('continuous_smell_of_urine', 'Continuous smell of urine');
insert into symptom (SymptomName, SymDesc) values ('passage_of_gases', 'Passage of gases');
insert into symptom (SymptomName, SymDesc) values ('internal_itching', 'Internal itching');
insert into symptom (SymptomName, SymDesc) values ('toxic_look_typhos', 'Toxic look typhos');
insert into symptom (SymptomName, SymDesc) values ('depression', 'Depression');
insert into symptom (SymptomName, SymDesc) values ('irritability', 'Irritability');
insert into symptom (SymptomName, SymDesc) values ('muscle_pain', 'Muscle pain');
insert into symptom (SymptomName, SymDesc) values ('altered_sensorium', 'Altered sensorium');
insert into symptom (SymptomName, SymDesc) values ('red_spots_over_body', 'Red spots over body');
insert into symptom (SymptomName, SymDesc) values ('belly_pain', 'Belly pain');
insert into symptom (SymptomName, SymDesc) values ('abnormal_menstruation', 'Abnormal menstruation');
insert into symptom (SymptomName, SymDesc) values ('dischromic_patches', 'Dischromic patches');
insert into symptom (SymptomName, SymDesc) values ('watering_from_eyes', 'Excess tearing in the eyes');
insert into symptom (SymptomName, SymDesc) values ('increased_appetite', 'Increased appetite');
insert into symptom (SymptomName, SymDesc) values ('polyuria', 'Polyuria');
insert into symptom (SymptomName, SymDesc) values ('family_history', 'Family history');
insert into symptom (SymptomName, SymDesc) values ('mucoid_sputum', 'Mucoid sputum');
insert into symptom (SymptomName, SymDesc) values ('rusty_sputum', 'Rusty sputum');
insert into symptom (SymptomName, SymDesc) values ('lack_of_concentration', 'Lack of concentration');
insert into symptom (SymptomName, SymDesc) values ('visual_disturbances', 'Visual disturbances');
insert into symptom (SymptomName, SymDesc) values ('receiving_blood_transfusion', 'Receiving blood transfusion');
insert into symptom (SymptomName, SymDesc) values ('coma', 'Coma');
insert into symptom (SymptomName, SymDesc) values ('stomach_bleeding', 'Stomach bleeding');
insert into symptom (SymptomName, SymDesc) values ('distention_of_abdomen', 'Distention of abdomen');
insert into symptom (SymptomName, SymDesc) values ('history_of_alcohol_consumption', 'History of alcohol consumption');
insert into symptom (SymptomName, SymDesc) values ('fluid_overload', 'Fluid overload');
insert into symptom (SymptomName, SymDesc) values ('blood_in_sputum', 'Blood in sputum');
insert into symptom (SymptomName, SymDesc) values ('prominent_veins_on_calf', 'Prominent veins on calf');
insert into symptom (SymptomName, SymDesc) values ('palpations', 'Palpations');
insert into symptom (SymptomName, SymDesc) values ('painful_walking', 'Painful walking');
insert into symptom (SymptomName, SymDesc) values ('pus_filled_pimples', 'Pus filled pimples');
insert into symptom (SymptomName, SymDesc) values ('blackheads', 'Blackheads');
insert into symptom (SymptomName, SymDesc) values ('scurring', 'Scurring');
insert into symptom (SymptomName, SymDesc) values ('skin_peeling', 'Skin peeling');
insert into symptom (SymptomName, SymDesc) values ('silver_like_dusting', 'Silver like dusting');
insert into symptom (SymptomName, SymDesc) values ('small_dents_in_nails', 'Small dents in nails');
insert into symptom (SymptomName, SymDesc) values ('inflammatory_nails', 'Inflammatory nails');
insert into symptom (SymptomName, SymDesc) values ('blister', 'Blister');
insert into symptom (SymptomName, SymDesc) values ('red_sore_around_nose', 'Red sore around nose');
insert into symptom (SymptomName, SymDesc) values ('yellow_crust_ooze', 'Yellow crust ooze');

# Add data to Symptom_Severity table
insert into symptom_severity (SeverityLevel) values ('low');
insert into symptom_severity (SeverityLevel) values ('medium');
insert into symptom_severity (SeverityLevel) values ('high');
insert into symptom_severity (SeverityLevel) values ('severe');
insert into symptom_severity (SeverityLevel) values ('slight');

# Add data to Disease_To_Symptom mapping table
insert into disease_to_symptom values (1,1,2);
insert into disease_to_symptom values (1,2,3);
insert into disease_to_symptom values (2,5,3);
insert into disease_to_symptom values (2,6,2);
insert into disease_to_symptom values (2,7,5);
insert into disease_to_symptom values (3,1,3);
insert into disease_to_symptom values (3,2,3);

# Add data to Treatment Table
insert into treatment (`Immediate`,`SecondStep`, `ThirdStep`, `LongTerm`, `DiseaseName`) 
	values ('Stop irritation', 'Consult nearest hospital', 'Stop taking drug', 'Follow up with physician', 'Drug Reaction');
insert into treatment (`Immediate`,`SecondStep`, `ThirdStep`, `LongTerm`, `DiseaseName`) 
	values ('Consult nearest hospital', 'Avoid oily food', 'Avoid non-vegetarian foods', 'Keep mosquitos out', 'Malaria');
insert into treatment (`Immediate`,`SecondStep`, `ThirdStep`, `LongTerm`, `DiseaseName`) 
	values ('Apply calamine', 'Cover area with bandage', 'Avoid scratching', 'Use ice to compress itching', 'Allergy');
insert into treatment (`Immediate`,`SecondStep`, `ThirdStep`, `LongTerm`, `DiseaseName`) 
	values ('Reduce stress', 'Exercise', 'Eat healthy', 'Get proper sleep', 'Hyperthyroidism');
insert into treatment (`Immediate`,`SecondStep`, `ThirdStep`, `LongTerm`, `DiseaseName`) 
	values ('Wash hands with warm soapy water', 'Stop bleeding using pressure', 'Consult Physician', 'Salt baths', 'Psoriasis');
insert into treatment (`Immediate`,`SecondStep`, `ThirdStep`, `LongTerm`, `DiseaseName`) 
	values ('Avoid fatty spicy food', 'Avoid lying down after eating', 'Maintain healthy weight', 'Exercise', 'GERD');
insert into treatment (`Immediate`,`SecondStep`, `ThirdStep`, `LongTerm`, `DiseaseName`) 
	values ('Cold baths', 'Antiitch medicine', 'Consult doctor', 'Eat healthy', 'Chronic cholestasis');
insert into treatment (`Immediate`,`SecondStep`, `ThirdStep`, `LongTerm`, `DiseaseName`) 
	values ('Consult nearest hospital', 'Wash hands thoroughly', 'Avoid spicy fatty food', 'Medication', 'Hepatitis A');
insert into treatment (`Immediate`,`SecondStep`, `ThirdStep`, `LongTerm`, `DiseaseName`) 
	values ('Acetaminophen', 'Consult nearest hospital', 'Follow up with Physician', 'Salt baths', 'Osteoarthristis');
insert into treatment (`Immediate`,`SecondStep`, `ThirdStep`, `LongTerm`, `DiseaseName`) 
	values ('Lie down', 'Avoid sudden change in body', 'Avoid abrupt head movement', 'Relax', 'vertigo - Paroymsal  Positional Vertigo');
insert into treatment (`Immediate`,`SecondStep`, `ThirdStep`, `LongTerm`, `DiseaseName`) 
	values ('Lie down on side', 'Check in pulse', 'Drink sugary drinks', 'Consult Physician', 'Hypoglycemia');
insert into treatment (`Immediate`,`SecondStep`, `ThirdStep`, `LongTerm`, `DiseaseName`) 
	values ('Bathe twice', 'Avoid fatty spicy food', 'Drink plenty of water', 'Avoid too many products', 'Acne');
insert into treatment (`Immediate`,`SecondStep`, `ThirdStep`, `LongTerm`, `DiseaseName`) 
	values ('Have balanced diet', 'Exercise', 'Consult Physician', 'Follow up with Physician', 'Diabetes');
insert into treatment (`Immediate`,`SecondStep`, `ThirdStep`, `LongTerm`, `DiseaseName`) 
	values ('Soak affected area in warm water', 'Use antibiotics', 'Remove scabs with wet compressed cloth', 'Consult Physician', 'Impetigo');
insert into treatment (`Immediate`,`SecondStep`, `ThirdStep`, `LongTerm`, `DiseaseName`) 
	values ('Meditation', 'Salt baths', 'Reduce stress', 'Get proper sleep', 'Hypertension');
insert into treatment (`Immediate`,`SecondStep`, `ThirdStep`, `LongTerm`, `DiseaseName`) 
	values ('Avoid fatty spicy food', 'Consume probiotic food', 'Eliminate milk', 'Limit alcohol', 'Peptic Ulcer Disease');
insert into treatment (`Immediate`,`SecondStep`, `ThirdStep`, `LongTerm`, `DiseaseName`) 
	values ('Avoid fatty spicy food', 'Consume Witch Hazel', 'Warm bath with Epsom Salt', 'Consume Aloe Vera juice', 'Dimorphic hemmorhoids - piles');
insert into treatment (`Immediate`,`SecondStep`, `ThirdStep`, `LongTerm`, `DiseaseName`) 
	values ('Drink Vitamin C rich drinks', 'Take vapour', 'Avoid cold food', 'Keep fever in check', 'Common Cold');
insert into treatment (`Immediate`,`SecondStep`, `ThirdStep`, `LongTerm`, `DiseaseName`) 
	values ('Use Neem in bathing', 'Consume Neem leaves', 'Take vaccine', 'Avoid public places', 'Chicken Pox');
insert into treatment (`Immediate`,`SecondStep`, `ThirdStep`, `LongTerm`, `DiseaseName`) 
	values ('Use heating pad or cold pack', 'Exercise', 'Take OTC pain reliever', 'Consult Physician', 'Cervical Spondylosis');
insert into treatment (`Immediate`,`SecondStep`, `ThirdStep`, `LongTerm`, `DiseaseName`) 
	values ('Eat healthy', 'Massage', 'Use Lemon Balm', 'Take radioactive Iodine treatment', 'Hyperthyroidism');
insert into treatment (`Immediate`,`SecondStep`, `ThirdStep`, `LongTerm`, `DiseaseName`) 
	values ('Drink plenty of water', 'Increase Vitamin C intake', 'Drink Cranbery Juice', 'Take probiotics', 'Urinary Tract Infection');
insert into treatment (`Immediate`,`SecondStep`, `ThirdStep`, `LongTerm`, `DiseaseName`) 
	values ('Lie down flat and raise the leg high', 'Use ointments', 'Use vein compression', 'Do not stand still for long', 'Varicose Veins');
insert into treatment (`Immediate`,`SecondStep`, `ThirdStep`, `LongTerm`, `DiseaseName`) 
	values ('Avoid open cuts', 'Wear PPE if possible', 'Consult Physician', 'Follow up with Physician', 'AIDS');
insert into treatment (`Immediate`,`SecondStep`, `ThirdStep`, `LongTerm`, `DiseaseName`) 
	values ('Massage', 'Eat healthy', 'Exercise', 'Consult Physician', 'Paralysis - Brain Hemmorrhage');
insert into treatment (`Immediate`,`SecondStep`, `ThirdStep`, `LongTerm`, `DiseaseName`) 
	values ('Eat high calorie vegetables', 'Antibiotic therapy', 'Consult physician', 'Follow up with Physician', 'Typhoid');
insert into treatment (`Immediate`,`SecondStep`, `ThirdStep`, `LongTerm`, `DiseaseName`) 
	values ('Consult nearest hospital', 'Vaccination', 'Eat healthy', 'Medication', 'Hepatitis B');
insert into treatment (`Immediate`,`SecondStep`, `ThirdStep`, `LongTerm`, `DiseaseName`) 
	values ('Bathe twice', 'Use Detol or Neem in bathing water', 'Keep infected area dry', 'Use clean cloths', 'Fungal Infection');
insert into treatment (`Immediate`,`SecondStep`, `ThirdStep`, `LongTerm`, `DiseaseName`) 
	values ('Consult nearest hospital', 'Vaccination', 'Eat healthy', 'Medication', 'Hepatitis C');
insert into treatment (`Immediate`,`SecondStep`, `ThirdStep`, `LongTerm`, `DiseaseName`) 
	values ('Meditation', 'Reduce stress', 'Use Poloroid glasses in sunlight', 'Consult Physician', 'Migraine');
insert into treatment (`Immediate`,`SecondStep`, `ThirdStep`, `LongTerm`, `DiseaseName`) 
	values ('Switch to loose clothing', 'Take deep breaths', 'Get away from trigger', 'Seek help', 'Bronchial Asthma');
insert into treatment (`Immediate`,`SecondStep`, `ThirdStep`, `LongTerm`, `DiseaseName`) 
	values ('Stop alcohol consumption', 'Consult Physician', 'Medication', 'Follow up with Physician', 'Alcohol Hepatitis');
insert into treatment (`Immediate`,`SecondStep`, `ThirdStep`, `LongTerm`, `DiseaseName`) 
	values ('Drink plenty of water', 'Consume Milk Thistle', 'Eat fruits and high fibrous food', 'Medication', 'Jaundice');
insert into treatment (`Immediate`,`SecondStep`, `ThirdStep`, `LongTerm`, `DiseaseName`) 
	values ('Stop alcohol consumption', 'Rest', 'Consult Physician', 'Medication', 'Hepatitis E');
insert into treatment (`Immediate`,`SecondStep`, `ThirdStep`, `LongTerm`, `DiseaseName`) 
	values ('Drink Papaya Leaf juice', 'Avoid fatty spicy food', 'Keep mosquitos away', 'Keep hydrated', 'Dengue');
insert into treatment (`Immediate`,`SecondStep`, `ThirdStep`, `LongTerm`, `DiseaseName`) 
	values ('Consult Physician', 'Medication', 'Eat healthy', 'Follow up with Physician', 'Hepatitis D');
insert into treatment (`Immediate`,`SecondStep`, `ThirdStep`, `LongTerm`, `DiseaseName`) 
	values ('Call ambulance', 'Chew or swallow aspirin', 'Keep calm', 'Bed rest', 'Heart Attack');
insert into treatment (`Immediate`,`SecondStep`, `ThirdStep`, `LongTerm`, `DiseaseName`) 
	values ('Consult Physician', 'Medication', 'Rest', 'Follow up with Physician', 'Pneumonia');
insert into treatment (`Immediate`,`SecondStep`, `ThirdStep`, `LongTerm`, `DiseaseName`) 
	values ('Exercise', 'Use hot and cold therapy', 'Try acupuncture', 'Massage', 'Arthritis');
insert into treatment (`Immediate`,`SecondStep`, `ThirdStep`, `LongTerm`, `DiseaseName`) 
	values ('Stop eating solid food for awhile', 'Try taking small sips of water', 'Rest', 'Ease back into eating', 'Gastroenteritis');
insert into treatment (`Immediate`,`SecondStep`, `ThirdStep`, `LongTerm`, `DiseaseName`) 
	values ('Cover mouth', 'Consult Physician', 'Medication', 'Rest', 'Tuberculosis');

# Add test base data to Diagnosis table - not necessary unless testing the data insertion
# insert into diagnosis (`Diagnosis`, `DiagnosisCount`, `DiseaseID`, `DiagnosisDate`) values(1,'Y',3,1,curdate());
# insert into diagnosis (`Diagnosis`, `DiagnosisCount`, `DiseaseID`, `DiagnosisDate`) values(2,'N',2,1,curdate());
# insert into diagnosis (`Diagnosis`, `DiagnosisCount`, `DiseaseID`, `DiagnosisDate`) values(3,'Y',1,2,curdate());
# insert into diagnosis (`Diagnosis`, `DiagnosisCount`, `DiseaseID`, `DiagnosisDate`) values(4,'N',1,2,curdate());
# insert into diagnosis (`Diagnosis`, `DiagnosisCount`, `DiseaseID`, `DiagnosisDate`) values(5,'N',3,3,curdate());
# insert into diagnosis (`Diagnosis`, `DiagnosisCount`, `DiseaseID`, `DiagnosisDate`) values(6,'N',1,4,curdate());
# insert into diagnosis (`Diagnosis`, `DiagnosisCount`, `DiseaseID`, `DiagnosisDate`) values(7,'N',1,5,curdate());